id,split,verified,configuration,recall_at_5,reciprocal_rank_at_5,latency_ms
challenge-01,development,False,keyword,0.0,0,4.3
challenge-01,development,False,vector,1.0,1.0,2989.23
challenge-01,development,False,hybrid,1.0,0.5,18.92
challenge-01,development,False,hybrid+routing,1.0,0.5,20.18
challenge-02,development,False,keyword,1.0,0.3333333333333333,5.22
challenge-02,development,False,vector,1.0,0.25,20.61
challenge-02,development,False,hybrid,1.0,0.3333333333333333,21.92
challenge-02,development,False,hybrid+routing,1.0,0.3333333333333333,22.57
challenge-03,development,False,keyword,1.0,0.25,4.76
challenge-03,development,False,vector,1.0,0.3333333333333333,19.0
challenge-03,development,False,hybrid,1.0,0.3333333333333333,23.28
challenge-03,development,False,hybrid+routing,1.0,0.3333333333333333,22.07
challenge-04,development,False,keyword,1.0,1.0,4.94
challenge-04,development,False,vector,1.0,0.5,21.04
challenge-04,development,False,hybrid,1.0,1.0,21.33
challenge-04,development,False,hybrid+routing,1.0,1.0,24.64
challenge-05,development,False,keyword,1.0,1.0,4.98
challenge-05,development,False,vector,1.0,1.0,23.45
challenge-05,development,False,hybrid,1.0,1.0,19.9
challenge-05,development,False,hybrid+routing,1.0,1.0,20.31
challenge-06,development,False,keyword,1.0,0.25,4.33
challenge-06,development,False,vector,1.0,1.0,18.37
challenge-06,development,False,hybrid,1.0,1.0,19.63
challenge-06,development,False,hybrid+routing,1.0,1.0,18.99
challenge-07,development,False,keyword,1.0,1.0,4.41
challenge-07,development,False,vector,1.0,0.3333333333333333,16.32
challenge-07,development,False,hybrid,1.0,0.5,18.26
challenge-07,development,False,hybrid+routing,1.0,0.5,18.41
challenge-08,development,False,keyword,1.0,1.0,4.51
challenge-08,development,False,vector,1.0,1.0,16.56
challenge-08,development,False,hybrid,1.0,1.0,18.69
challenge-08,development,False,hybrid+routing,1.0,1.0,18.09
challenge-09,development,False,keyword,0.0,0,4.35
challenge-09,development,False,vector,0.0,0,15.69
challenge-09,development,False,hybrid,0.0,0,17.79
challenge-09,development,False,hybrid+routing,0.0,0,18.67
challenge-10,development,False,keyword,0.0,0,4.54
challenge-10,development,False,vector,1.0,1.0,16.81
challenge-10,development,False,hybrid,1.0,0.25,18.06
challenge-10,development,False,hybrid+routing,1.0,0.25,18.31
challenge-20,development,False,keyword,0.0,0,4.54
challenge-20,development,False,vector,1.0,1.0,20.01
challenge-20,development,False,hybrid,1.0,0.3333333333333333,18.54
challenge-20,development,False,hybrid+routing,1.0,0.5,18.8
